Model,CV F1 Mean,CV F1 Std,Test Accuracy,Test Precision,Test Recall,Test F1,Test ROC-AUC
Logistic Regression,0.3596703591178577,0.007604920353299471,0.7540705563093623,0.245260663507109,0.7016949152542373,0.36347673397717295,0.8074836929092106
Decision Tree,0.3275420907164541,0.022631692074167608,0.8453188602442334,0.3114754098360656,0.45084745762711864,0.3684210526315789,0.6761900502788656
Random Forest,0.32679174812411815,0.029310796001480795,0.8778833107191316,0.37735849056603776,0.3389830508474576,0.35714285714285715,0.795559871459876
KNN,0.3215312781313234,0.03589329951473782,0.9043419267299865,0.5528455284552846,0.2305084745762712,0.3253588516746411,0.7620678860516077
