Model,Best CV F1,Test Accuracy,Test Precision,Test Recall,Test F1,Test ROC-AUC
Logistic Regression,0.361732508628981,0.7578018995929444,0.24728588661037396,0.6949152542372882,0.36476868327402134,0.806520280846116
Decision Tree,0.357055434303514,0.7910447761194029,0.2663755458515284,0.6203389830508474,0.3727087576374745,0.7410357318545682
Random Forest,0.4472361447827661,0.8734735413839891,0.40441176470588236,0.559322033898305,0.4694167852062589,0.837755786541619
KNN,0.34678527099911544,0.9016282225237449,0.5149700598802395,0.29152542372881357,0.3722943722943723,0.7489909089166726
